6539457,宁静 吕良伟 王思懿 许立军 李明 陆建艺 刘之冰 茹萍 徐雷智 杨清文 侯莹珏
35207856,雷佳音 辛柏青 宋佳 殷桃 陈道明 丁勇岱 萨日娜 成泰燊 隋俊波 张瑞涵 宋楚炎 王大奇 王阳 李建义 宋春丽 张凯丽 于震 冯雷 白志迪 黄小蕾 胡连馨 吴幸键 梁晓声 马少骅 徐百慧 韩昊霖 陆毅 胡静 房子斌 丁海峰 宫宏佳 孙之鸿 王艺禅 沈晓海 潘斌龙 苗驰 赵小锐 舒耀瑄 刘晓晔 徐小飒 徐松子 于越 李光复 苇青 卞涛 许文广 徐敏 王晴 张继波 洪浚嘉 方悦乔 可旭 李学政 白红标 姜寒 尹键 李大强 黄俊鹏 胡连华 任铭松 朱彬予 马凡丁 葛子铭 李卓钊 郭紫铭 李思博 王菁华 曹克难 纪帅 李威 郭凯敏 孙晶晶 马京京 马卫军 杨猛 程诚 王志刚 王建兵 潘洋 姜冠南 曹苑 冯筱童 荣梓希 代皓宇 刘沛 刘大为
26415255,李易峰 周冬雨 张鲁一 李小冉 张若昀 阚清子 魏巍 尹正 王劲松 史超 刘珈彤 王婉娟 吴云飞 赵蕴卓 董炳舜 彭尧 蔡夏杰 俞庆 刘梓亦 张大宝 陈喆伦 张添城 应懿暄 杨政 胡文喆 孙信宏 冷海铭 陈冠甯
35048610,罗晋 袁姗姗 沈梦辰 张子健 王奎荣 毛孩 李倩 范湉湉 石凉 罗二羊 刘交心 房子斌 周璞 荆浩 刘一莹 邬立朋 马亮 于恒 张阳阳 张喜前 伍宇娟 郑颖娴 仉上明珠 墨阳 刘季 方晓莉 陈恒 程佳光 张艺航 张建国 段冉 苏欣 张世宏 曹雷 石强 赵振廷 陈爱羽 李洪潇 周杰
26317325,徐敏 李丽虹 王静 沈陶然 赵中华 达珍
33443930,张桐 彭冠英 王乐君 潘雨辰 何蓝逗 贾宏伟 张鹰 侯长荣 侯煜 姚扩 高一玮 安戈 马仑 郝蕾 侯京健 迟帅 都桂宇 安峻岐 张城硕 全容杓 杨拓 薛奇
2160144,张丰毅 李雪健 李琳 孙松 殷桃 刘小宁 王新军 杨树泉 于和伟 郑玉 张羽 王泽清 闫妮 王盛 范世德 徐鹏凯 李静 周冬齐 田玲 王笑寒
2262103,陈友旺 刘欣翰 宋戈 六小龄童 刘纪宏 马境 刘昊岩 尹治 娄宇健 胡安 陈紫鹏
35084419,唐国强 孙维民 王志飞 丁勇岱 刘之冰 姚刚 韩栋 王楷勝 王同辉 何政军 王九胜 奚望 傅亨 李思博 马杰 娄宇健 黄诗佳 蒋方婷 吴健 王伍福 郭连文 卢奇 马晓伟 赵凯 毕海峰 宗平 连奕名 李进荣 徐永革 林麟 高一玮 闻杰 马诗红 赵波 徐白晓 何云龙 李麟 袁世龙 薛靖骞 李田野 葛友元 李健 左佰学 刘兴盛 姚扩 乌日根 徐僧 张铎 张笑君 侯祥玲 赵小川 杨钧丞 尹键 杜相 刘川 张页石 张卫 谢钢 王梓源 黄卫 楚建 脱一然 吕一丁 屠夏岩 王子宸 李建忠 赵晓龙 王少敏 岳红 苏丽 于清斌 王子刚 王义钦 蒋典 侯俊光 张峰 黄垲翔 侯骏桀 李涛亮 叶沛 周征波 龙沐春 林津锋 张哲人 张嘉 刘涤非 刘一江 杨天正 赵铁英 魏子涵 孙锡堃 冯玉玺 翟小光 杨骏 杨轶然 周钦霖 周雨铭 倪新宇 项斌 牛志强 白海龙 张倬闻 王中楷 时晓飞 杨俊超 杨涌 刘天尧 张万喆 侯一滨 周天云 陈楷 王俊彭 王禹博 毕晓晨 文江 马小媛 张未柯 丹尼尔·克劳泽 托马斯·菲凯 马铁摩 弗雷德里克·叶德斯特罗姆 古尊·伊戈尔 沈琦 克里斯托弗·托德·埃文斯 暗真 钱焜 埃里克·海斯 史密斯·丹尼·富兰克林 吴建铮 杨帆 马意骏 施魏因斯堡·海因茨-迪特 奥尔蒂斯·里奥·卡里佐萨·拉斐尔 马尔蒙·加里 布鲁赫特·尼古拉斯·皮埃尔 史蒂芬·伯格丁 徐砡 董书辰 陈寰 哈立德·加纳姆
25754848,胡歌 刘涛 王凯 陈龙 黄维德 靳东 高鑫 张棪琰 张龄心 王鸥 周奇奇 吴磊 张晓谦 郑毓芝 丁勇岱 王劲松 刘奕君 刘敏涛 程枫 郭晓然 匡牧野 陈丽娜 宁文彤 杨雨婷 谭希和 方晓莉 钟卫华 张雨剑 乔欣 王永泉 魏伟 王宏 赵一龙 卢杉 刘冠霖 符涛 李帅 单英哲 金丰 冯晖 李朵 刘丕中 言杰 公方敏 隋名旸 韩振华 柳洋 刘殊辰 张震 孙梦佳 隋雨蒙 郭东岳 蒋林燕 张巨明 王勇 张昕琦 张昕瑶 孙小会 苗克 李龙 郝文学 倪土 王侃 王虎城 尹元章 刘朔 潘小样 季晨 孙荣 李超 周艺华 朱梦瑶 马波 龙德 李斌 刘红星 刘洪源 葛鸣 聂闻 冯晓琴 高鸿涛 沈雪炜 许占伟 岳俊岭 郑胜利 白玉 耿黎明 魏至强 黄子耀 陈瑞生 李华 鄢佳辉 崔立明 蓝天 张志伟 周金凤 杨永文 黄坤 张荠家 孔笙 路知行 叶丹 王陈怡娴 陈奕恩 姜广涛 李立宏 宝木中阳 刘校妤 张喆 王名扬 徐佳琦 张婷馨 宣晓鸣 邱秋 范哲琛 杨晨 金雁 高正 徐燕 史晓僮 刘洪超 钱正忠 陆揆 郭政建 赵述仁
5975344,潘粤明 陈祉希 杨树泉 王茜华 吴祯 杨涵斌 杨立新 陈征 申军谊 陈大伟 尤浩然
6901036,秋瓷炫 于荣光 朱晓渔 潘虹 吕良伟 于娜 宋运成 多布杰 孙玮 谭耀文 臧金生 苏倩薇 刘洁 刘涛 马波 李梓萌 修革 穆麒同 吕易珊 刘冠霖 黄信纲 施宁 何杰
25802736,陈宝国 杜志国 王千源 于越 李修贤 张兆辉 骆达华 尤勇智 刘德凯 李立群 刘跃军 李静 董明 宋楚炎 熊睿玲 施京明 张志坚 陈逸恒 艾东 黄奕良 李卓远 一真 刘敏涛 谭晓燕 谢宁 乌日根 杨作玖 于彦凯 张喜前 曹梦格 王笛 明莉 傅隽 汪奇 毕海峰 傅小源 安松 柯国庆 毕瀚文
6557015,王霙 潘雨辰 王伍福 黄俊鹏 宋佳伦 刘鉴 李泓良 姚居德 温浩铎 东靖川 刘凌志 曹凯 叶欢 刘劲 侯勇 刘之冰 金韬 沈保平 李大强 段宇华 洪卫 赵恒煊 邓钢 秦卫东 程愫 杨志刚 杨轶然 张页石 张辛元 郭超 李健
3033755,刘佩琦 王雅捷 李幼斌 杜源 张嘉益 于晓光 刘立伟 吕夏 李佳璇 蒋一铭 杨俊勇 徐僧 杨梅 王全有 车晓彤 赵中伟 任明生 许敏 安彭泽宇 张文明 陈姝 李云飞 曹雪飞
11598910,王千源 王新军 孙涛 王唯 唐国强 巫刚 柴碧云 吕红旭 张蓓蓓 郭昊 孙嘉 贾梓 吴琼 胡家赫
3027099,陈国坤 王洛勇 盖克 周舟 迈克尔·加·怀特 米雪儿·朗 舒萧霖 甘伟雄 李炳渊 Natalia Dzyublo 马克·达卡斯考斯 王颢桦 黑泽恩 贾梅婴 李婷 张杰 盖瑞·丹尼尔斯 高大伟 于承惠 Tim Storms 寇振海 杨亚星 宁理 杨轶然 雷·帕克 霸易 泰德·杜兰 林钰淼
26647087,张鲁一 于和伟 陈瑾 王子文 林永健 李小冉 王传君 张帆 白客 涂松岩 刘敏 寇振海 杨蓉 孔琳 张峻宁 柯南·何裴 李则慧 赵健 何杜娟 孔连顺 韩青 黎明明 张铭恩 朱戬 郭靖宇 江南 蔡佳 胡杰 于洋 侯鸿亮 梁振华 费振翔 高亚麟 季晨 马东 唐家三少 白一骢 杨磊 贾士凯 王薇 王羽铮 于歆玥 潘晓莉 蔡盈盈 杨欣恬 刘灯军 伊斯玛伊扎德 本 刘玮婷 袁宁璐 郗峥嵘 张芷菡 王宗元 蔡尚恒 别利亚科夫·安德烈 王健 张弓 马书良 迈克尔·寇特斯 吕克·本扎 顾天逸 刘曼 谢波 田煜玮
25917744,于和伟 祖峰 叶一云 张隽溢 张宁江 张延 要武 侯岩松 焦刚 崔奕 李佳璇 万沛鑫 崔宝月 党浩予 李晓峰 赵雷棋 李晔 许歌 张棪琰 刘建国 柳明明 李万年 朱怀旭 邵晓江 任思扬 李欣烨 马劭楠 李芳淙 陈芋米 王振华 吴洋 冯军 张世宏 杜子名 丁志勇 肖辉 王梓桐 张境佳 程诚 王留胜 姚建雄 张启军 徐岑子 于笑 姜少华 李文玲 李解 李龙君 原宁 任娇 荆浩 郑中玉 孙德元 王超 超凡 文静 刘一江 黄薇 赵熙元 赵芙丽 铁牛 李博 张哲浩 王璇 石敏 刘南 赵耀兴 国明
