35797771,一念关山,国产剧,group_like
36059766,故乡，别来无恙,国产剧,group_like
30311925,似火流年,国产剧,group_like
35633163,莲花楼,国产剧,group_like
35725842,繁城之下,国产剧,group_like
35471947,非凡医者,国产剧,group_like
35588177,漫长的季节,国产剧,group_like
34905779,问心,国产剧,group_like
2210001,大明王朝1566,国产剧,group_like
4922787,后宫·甄嬛传,国产剧,group_like
26928226,知否知否应是绿肥红瘦,国产剧,group_like
35712815,我有一个朋友,国产剧,group_like
35662223,去有风的地方,国产剧,group_like
35587662,装腔启示录,国产剧,group_like
25785216,长相思,国产剧,group_like
35465232,狂飙,国产剧,group_like
26647087,三体,国产剧,group_like
36155049,古相思曲,国产剧,group_like
26853822,异人之下,国产剧,group_like
25754848,琅琊榜,国产剧,group_like
33447642,沉默的真相,国产剧,group_like
35235151,唐朝诡事录,国产剧,group_like
1864810,红楼梦,国产剧,group_like
36117912,沧元图,国产剧,group_like
35284451,少年歌行,国产剧,group_like
30228394,觉醒年代,国产剧,group_like
35589397,我可能遇到了救星,国产剧,group_like
26883064,白夜追凶,国产剧,group_like
35452438,星汉灿烂·月升沧海,国产剧,group_like
35207856,人世间,国产剧,group_like
3882715,武林外传,国产剧,group_like
35172742,当我飞奔向你,国产剧,group_like
35682502,兰闺喜事,国产剧,group_like
35307437,猎罪图鉴,国产剧,group_like
34779776,苍兰诀,国产剧,group_like
1830528,三国演义,国产剧,group_like
26727273,人民的名义,国产剧,group_like
27124548,我要逆风去,国产剧,group_like
25853071,庆余年 第一季,国产剧,group_like
3314870,潜伏,国产剧,group_like
19965220,父母爱情,国产剧,group_like
36139980,凡人修仙传：星海飞驰篇,国产剧,group_like
1830575,雍正王朝,国产剧,group_like
35623511,九义人,国产剧,group_like
35905951,那些回不去的年少时光,国产剧,group_like
35567787,斗罗大陆2：绝世唐门,国产剧,group_like
30488569,龙岭迷窟,国产剧,group_like
35161592,风吹半夏,国产剧,group_like
27202985,怒晴湘西,国产剧,group_like
34794707,终极笔记,国产剧,group_like
35465011,显微镜下的大明之丝绢案,国产剧,group_like
35465009,卿卿日常,国产剧,group_like
24695611,北平无战事,国产剧,group_like
3227335,仙剑奇侠传三,国产剧,group_like
35248698,护心,国产剧,group_like
35231822,梦华录,国产剧,group_like
30358061,琉璃,国产剧,group_like
32581207,御赐小仵作,国产剧,group_like
2347485,天道,国产剧,group_like
2997325,我的团长我的团,国产剧,group_like
35480932,周生如故,国产剧,group_like
35332289,开端,国产剧,group_like
5384548,步步惊心,国产剧,group_like
25812730,如懿传,国产剧,group_like
35203354,爱情而已,国产剧,group_like
35638260,三十六骑 第一季,国产剧,group_like
35637224,三悦有了新工作,国产剧,group_like
33404425,隐秘的角落,国产剧,group_like
35891808,欢颜,国产剧,group_like
2389241,岁月,国产剧,group_like
35561680,特工任务,国产剧,group_like
26930540,无证之罪,国产剧,group_like
35350794,枕刀歌,国产剧,group_like
35429466,警察荣誉,国产剧,group_like
2156663,西游记,国产剧,group_like
35725856,尘封十三载,国产剧,group_like
2254648,亮剑,国产剧,group_like
35344085,我在他乡挺好的,国产剧,group_like
35679802,胶囊计划,国产剧,group_like
2154096,士兵突击,国产剧,group_like
34463197,传闻中的陈芊芊,国产剧,group_like
35936087,鹊刀门传奇,国产剧,group_like
30413128,风犬少年的天空,国产剧,group_like
34801099,如此可爱的我们,国产剧,group_like
27195020,陈情令,国产剧,group_like
4861422,怪侠一枝梅,国产剧,group_like
1441794,走向共和,国产剧,group_like
2181930,大宅门,国产剧,group_like
27068009,棋魂,国产剧,group_like
26920281,香蜜沉沉烬如霜,国产剧,group_like
2210031,仙剑奇侠传,国产剧,group_like
26999852,延禧攻略,国产剧,group_like
2157131,少年包青天,国产剧,group_like
26298935,鬼吹灯之精绝古城,国产剧,group_like
4858790,大秦帝国之纵横,国产剧,group_like
34792295,乔家的儿女,国产剧,group_like
26766214,风起陇西,国产剧,group_like
26602244,最好的我们,国产剧,group_like
35332288,他从火光中走来,国产剧,group_like
3926132,爱情公寓,国产剧,group_like
25823280,东宫,国产剧,group_like
2239292,大宋提刑官,国产剧,group_like
35674355,中国奇谭,国产剧,group_like
34991920,星落凝成糖,国产剧,group_like
34923491,山河令,国产剧,group_like
35653130,父辈的荣耀,国产剧,group_like
35178776,雾山五行·犀川幻紫林,国产剧,group_like
26849758,长安十二时辰,国产剧,group_like
3114220,大秦帝国之裂变,国产剧,group_like
27114834,鹤唳华亭,国产剧,group_like
3732699,神话,国产剧,group_like
35033654,山海情,国产剧,group_like
25812420,花千骨,国产剧,group_like
25986654,少帅,国产剧,group_like
35633626,底线,国产剧,group_like
35063919,大宋少年志2,国产剧,group_like
35297263,爱很美味,国产剧,group_like
2995948,神探狄仁杰,国产剧,group_like
20258941,战长沙,国产剧,group_like
34863327,我才不要和你做朋友呢,国产剧,group_like
27088993,都挺好,国产剧,group_like
27107123,锦衣之下,国产剧,group_like
34429670,胆小鬼,国产剧,group_like
30291088,鬓边不是海棠红,国产剧,group_like
1830586,天下第一,国产剧,group_like
3153641,人间正道是沧桑,国产剧,group_like
35539600,追光的日子,国产剧,group_like
35312003,完美世界,国产剧,group_like
2160565,家有儿女,国产剧,group_like
35391031,最食人间烟火色,国产剧,group_like
33393274,摩天大楼,国产剧,group_like
25823274,杉杉来了,国产剧,group_like
27068534,风声,国产剧,group_like
35633618,今日宜加油,国产剧,group_like
26761328,天盛长歌,国产剧,group_like
26605881,大军师司马懿之军师联盟,国产剧,group_like
35232070,平原上的摩西,国产剧,group_like
5923466,大秦帝国之崛起,国产剧,group_like
2229576,上错花轿嫁对郎,国产剧,group_like
34951103,功勋,国产剧,group_like
26298756,无心法师,国产剧,group_like
30230682,宸汐缘,国产剧,group_like
3237723,三国,国产剧,group_like
2154390,编辑部的故事,国产剧,group_like
30170894,大宋少年志,国产剧,group_like
25752323,风筝,国产剧,group_like
35981366,破事精英 第二季,国产剧,group_like
30395914,雾山五行,国产剧,group_like
35732451,你给我的喜欢,国产剧,group_like
26435736,狐妖小红娘,国产剧,group_like
26430092,欢乐颂,国产剧,group_like
3933008,美人心计,国产剧,group_like
35136858,云襄传,国产剧,group_like
27121260,灵笼,国产剧,group_like
35231321,变成你的那一天,国产剧,group_like
34982236,天才基本法,国产剧,group_like
27034748,一人之下 第二季,国产剧,group_like
26801052,那年花开月正圆,国产剧,group_like
26603847,毛骗 终结篇,国产剧,group_like
35196753,点燃我，温暖你,国产剧,group_like
4707205,爱情公寓2,国产剧,group_like
35235428,对手,国产剧,group_like
26889177,异物志,国产剧,group_like
10477598,罗小黑战记,国产剧,group_like
35166507,破事精英,国产剧,group_like
26674019,法医秦明,国产剧,group_like
3904560,水浒传,国产剧,group_like
35805702,做自己的光,国产剧,group_like
25966028,红色,国产剧,group_like
30474674,民国奇探,国产剧,group_like
2245679,西游记后传,国产剧,group_like
30232254,镖人 第一季,国产剧,group_like
26776350,河神,国产剧,group_like
34908091,天官赐福,国产剧,group_like
26665065,琅琊榜之风起长林,国产剧,group_like
25851665,平凡的世界,国产剧,group_like
35633766,大考,国产剧,group_like
26614088,老九门,国产剧,group_like
4917908,雪豹,国产剧,group_like
30426829,少年游之一寸相思,国产剧,group_like
4894070,黎明之前,国产剧,group_like
35946038,不完美受害人,国产剧,group_like
26685864,鸡毛飞上天,国产剧,group_like
3670435,宝莲灯前传,国产剧,group_like
34949767,叛逆者,国产剧,group_like
26322639,小别离,国产剧,group_like
2377277,神探狄仁杰2,国产剧,group_like
1830590,康熙王朝,国产剧,group_like
27040807,斗罗大陆1,国产剧,group_like
35169989,一人之下 第四季,国产剧,group_like
2373267,闯关东,国产剧,group_like
35725021,一人之下 第五季,国产剧,group_like
2133474,地下交通站,国产剧,group_like
6894818,毛骗 第二季,国产剧,group_like
34908108,冰雨火,国产剧,group_like
2157130,金粉世家,国产剧,group_like
2411184,汉武大帝,国产剧,group_like
30483667,你是我的城池营垒,国产剧,group_like
26663086,射雕英雄传,国产剧,group_like
26818236,曾少年,国产剧,group_like
35924066,虚颜,国产剧,group_like
3032552,魔幻手机,国产剧,group_like
35524539,时光代理人 第二季,国产剧,group_like
2341884,东周列国·春秋篇,国产剧,group_like
5919553,我是特种兵,国产剧,group_like
2148374,不要和陌生人说话,国产剧,group_like
27180943,重启之极海听雷 第一季,国产剧,group_like
35498561,大山的女儿,国产剧,group_like
2310046,李卫当官,国产剧,group_like
4111333,手机,国产剧,group_like
34930018,极速悖论,国产剧,group_like
2190914,橘子红了,国产剧,group_like
2248757,铁齿铜牙纪晓岚,国产剧,group_like
1718150,天龙八部,国产剧,group_like
2155164,贞观之治,国产剧,group_like
25885442,何以笙箫默,国产剧,group_like
27663998,隐秘而伟大,国产剧,group_like
35390936,外婆的新世界,国产剧,group_like
10484007,陆贞传奇,国产剧,group_like
36140095,新闻女王,港剧,group_like
1878360,金枝欲孽,港剧,group_like
1863947,神雕侠侣,港剧,group_like
2161882,男亲女爱,港剧,group_like
25708579,使徒行者,港剧,group_like
1922656,法证先锋,港剧,group_like
1878605,大时代,港剧,group_like
30156074,金宵大厦,港剧,group_like
3292384,宫心计,港剧,group_like
35419372,星空下的仁医,港剧,group_like
1863941,天龙八部,港剧,group_like
3023296,封神榜,港剧,group_like
1863923,鹿鼎记,港剧,group_like
2046853,义不容情,港剧,group_like
4195676,巾帼枭雄之义海豪情,港剧,group_like
30481987,叹息桥,港剧,group_like
2303112,法证先锋2,港剧,group_like
2983389,寻秦记,港剧,group_like
1906433,火舞黄沙,港剧,group_like
2148680,创世纪1：地产风云,港剧,group_like
3861997,绝代商骄,港剧,group_like
2996855,珠光宝气,港剧,group_like
35073682,刑侦日记,港剧,group_like
2190925,鉴证实录,港剧,group_like
2190931,刑事侦缉档案4,港剧,group_like
2119419,我和僵尸有个约会1,港剧,group_like
2286012,苗翠花,港剧,group_like
3126164,溏心风暴2：家好月圆,港剧,group_like
2140064,栋笃神探,港剧,group_like
2282511,金装四大才子,港剧,group_like
2381076,洗冤录2,港剧,group_like
2124746,溏心风暴,港剧,group_like
2253756,凤凰四重奏,港剧,group_like
2301032,射雕英雄传,港剧,group_like
3041493,小宝与康熙,港剧,group_like
3025145,大闹广昌隆,港剧,group_like
10540037,创世纪2：天地有情,港剧,group_like
2381089,今生无悔,港剧,group_like
5247088,法证先锋3,港剧,group_like
2157191,笑看风云,港剧,group_like
1299645,上海滩,港剧,group_like
2156698,洗冤录,港剧,group_like
6518753,On Call 36小时,港剧,group_like
2119417,我和僵尸有个约会2,港剧,group_like
4858769,回到未嫁时,港剧,group_like
35000658,白色强人2,港剧,group_like
2119420,我和僵尸有个约会3,港剧,group_like
3134607,学警狙击,港剧,group_like
34883178,金宵大厦2,港剧,group_like
3003419,壹号皇庭,港剧,group_like
26667080,一屋老友记,港剧,group_like
26742360,玛嘉烈与大卫  绿豆,港剧,group_like
1906453,天地男儿,港剧,group_like
4751653,怒火街头,港剧,group_like
2210246,大侠霍元甲,港剧,group_like
26863096,降魔的,港剧,group_like
2252747,第三类法庭,港剧,group_like
26808226,心理追凶,港剧,group_like
3114226,皆大欢喜,港剧,group_like
30150688,降魔的2.0,港剧,group_like
26949201,玛嘉烈与大卫 前度,港剧,group_like
1951081,金牌冰人,港剧,group_like
3332549,铁马寻桥,港剧,group_like
6518754,冲上云霄II,港剧,group_like
24381190,My盛Lady,港剧,group_like
3018463,真假东宫,港剧,group_like
1919302,原振侠,港剧,group_like
24753689,爱我请留言,港剧,group_like
26786561,迷,港剧,group_like
2249632,隔世追凶,港剧,group_like
6989741,护花危情,港剧,group_like
30163811,向西闻记,港剧,group_like
2342526,楚汉骄雄,港剧,group_like
2209739,绝代双骄,港剧,group_like
35912041,灵戏逼人,港剧,group_like
3168650,壹号皇庭2,港剧,group_like
30246878,十八年后的终极告白,港剧,group_like
2274932,布衣神相,港剧,group_like
2305334,先生贵性,港剧,group_like
4230908,自梳女,港剧,group_like
1456487,杨家将,港剧,group_like
35059064,暖男爸爸,港剧,group_like
10748082,爱·回家,港剧,group_like
3118110,扫黄先锋,港剧,group_like
1790860,神雕侠侣,港剧,group_like
3240791,壹号皇庭5,港剧,group_like
2371997,千谎百计,港剧,group_like
25736075,公公出宫,港剧,group_like
2371837,野蛮奶奶大战戈师奶,港剧,group_like
2882454,秀才爱上兵,港剧,group_like
2226505,国际刑警,港剧,group_like
30329088,黄金有罪,港剧,group_like
26301576,铁马战车,港剧,group_like
2296675,镜花缘传奇,港剧,group_like
3111430,马场大亨,港剧,group_like
35590186,有种好男人,港剧,group_like
35437935,痞子殿下,港剧,group_like
1959788,苏乞儿,港剧,group_like
3134597,聊斋Ⅱ,港剧,group_like
3003195,少女慈禧,港剧,group_like
2299385,无业楼民,港剧,group_like
2035178,汇通天下,港剧,group_like
3095373,孽吻,港剧,group_like
2303267,都市的童话,港剧,group_like
26820569,玛嘉烈与大卫,港剧,group_like
2073623,突围行动,港剧,group_like
2146020,成语动画廊,港剧,group_like
3025297,真情,港剧,group_like
2287819,过客,港剧,group_like
2300617,千岁情人,港剧,group_like
2303263,92钟无艳,港剧,group_like
3711581,廉政行动1998,港剧,group_like
2343690,万水千山总是情,港剧,group_like
3161598,皆大欢喜时装版,港剧,group_like
3092332,萬事勝意,港剧,group_like
3131854,与敌同行,港剧,group_like
3204592,君临天下,港剧,group_like
3204593,君临天下之血溅太和殿,港剧,group_like
3304013,天若有情,港剧,group_like
26219270,四年B班,港剧,group_like
3042353,捉妖奇兵,港剧,group_like
2002924,冲上云霄,港剧,group_like
35498643,OPM,港剧,group_like
2365072,老师早上好,港剧,group_like
35459113,爱上我的衰神,港剧,group_like
3041509,李小龙传,港剧,group_like
3032433,施公奇案,港剧,group_like
3158775,浴火凤凰,港剧,group_like
2303777,棋武士,港剧,group_like
3153643,电视风云,港剧,group_like
3242974,暴风刑警,港剧,group_like
1959801,大香港,港剧,group_like
25787908,老表，你好Hea！,港剧,group_like
27075269,逆缘,港剧,group_like
2333709,奇幻潮,港剧,group_like
3022047,梦想成真,港剧,group_like
3060453,太极张三丰,港剧,group_like
3175604,天龙诀,港剧,group_like
3546703,金牙大状2,港剧,group_like
3093273,茶是故乡浓,港剧,group_like
26994783,平安谷之诡谷传说,港剧,group_like
5045679,飞虎群英,港剧,group_like
2368623,剑啸江湖,港剧,group_like
10796577,仁心解码Ⅱ,港剧,group_like
2272462,水饺皇后,港剧,group_like
2990292,双面伊人,港剧,group_like
6514125,叛逃,港剧,group_like
30217663,教束,港剧,group_like
3178798,大刺客,港剧,group_like
2969550,A计划,港剧,group_like
27131196,逐梦彼岸--中国新移民,港剧,group_like
3120912,河东狮吼,港剧,group_like
36344104,继续宠爱‧二十年‧音乐会,港剧,group_like
35354612,大叔的爱,港剧,group_like
3681594,天子屠龙,港剧,group_like
2990316,雷霆第一关,港剧,group_like
3025281,非常岳母,港剧,group_like
3752271,女王办公室,港剧,group_like
3017190,新不了情,港剧,group_like
2212270,再向虎山行,港剧,group_like
3092013,勇往直前,港剧,group_like
2230669,我的野蛮奶奶,港剧,group_like
2284428,武林幸运星,港剧,group_like
10531182,济公活佛,港剧,group_like
2302694,九月鹰飞,港剧,group_like
4124395,Only You 只有您,港剧,group_like
1890369,妙手仁心3,港剧,group_like
2969261,亚历山大战记,港剧,group_like
3037173,中神通王重阳,港剧,group_like
26905456,夸世代,港剧,group_like
2355575,离岛特警,港剧,group_like
35567789,青年心城之撑起青春,港剧,group_like
6900127,女人多自在4,港剧,group_like
2346509,赤子雄风,港剧,group_like
34943615,香港爱情故事,港剧,group_like
4189694,公主嫁到,港剧,group_like
3035773,新鲜人,港剧,group_like
2157188,倚天剑屠龙刀,港剧,group_like
30290842,婚内情,港剧,group_like
34908177,二月二十九,港剧,group_like
3408531,肥猫正传,港剧,group_like
3408532,天长地久,港剧,group_like
3408533,鳄鱼泪,港剧,group_like
3408534,Loving You我爱你,港剧,group_like
35745642,上车家族,港剧,group_like
5384532,拳王,港剧,group_like
1949521,地狱天使,港剧,group_like
3024610,廉政追缉令,港剧,group_like
35432659,清洁师,港剧,group_like
2305538,绝地苍狼,港剧,group_like
2282468,天降奇缘,港剧,group_like
3036628,穆桂英之大破天门阵,港剧,group_like
3113597,天蚕变之再与天比高,港剧,group_like
2190990,法网柔情,港剧,group_like
30227535,牛下女高音,港剧,group_like
3136404,武林世家,港剧,group_like
4145457,如来神掌再战江湖,港剧,group_like
3092111,乌金血剑,港剧,group_like
3047987,冲上人间,港剧,group_like
3118938,兄兄我我,港剧,group_like
2990223,缉私群英,港剧,group_like
2990222,阖府统请,港剧,group_like
2990221,花木兰,港剧,group_like
2287750,胭脂水粉,港剧,group_like
4195565,情人眼里高一D,港剧,group_like
10571935,蓝色风暴,港剧,group_like
3532290,南海十三郎,港剧,group_like
6989740,拳赌双至尊,港剧,group_like
4195601,女人最痛,港剧,group_like
10740230,新包青天,港剧,group_like
3041539,马永贞之争霸上海滩,港剧,group_like
5294283,心战,港剧,group_like
4082304,鱼跃在花见,港剧,group_like
26667082,律政强人,港剧,group_like
2286010,方世玉与乾隆皇,港剧,group_like
1908459,酒店风云,港剧,group_like
3329893,巨人,港剧,group_like
3329895,皇家反千组,港剧,group_like
2367860,婚姻物语,港剧,group_like
2295767,魔刀侠情,港剧,group_like
2173152,七姊妹,港剧,group_like
1930616,新扎师兄续集,港剧,group_like
2190963,陀枪师姐3,港剧,group_like
2214169,谈判专家,港剧,group_like
3736879,小小心愿,港剧,group_like
3024158,爱在暴风的日子,港剧,group_like
6013871,再造繁荣,港剧,group_like
30358153,理想国,港剧,group_like
4082415,轮流传,港剧,group_like
4133280,满清十三皇朝1,港剧,group_like
34908178,地产仔,港剧,group_like
34908179,男排女将,港剧,group_like
3047964,与狼共枕,港剧,group_like
26884539,我不是....,港剧,group_like
6539457,奢香夫人,三大电视奖,official_like
35207856,人世间,三大电视奖,official_like
26415255,麻雀,三大电视奖,official_like
35048610,江山如此多娇,三大电视奖,official_like
26317325,雪域情,三大电视奖,official_like
33443930,绝境铸剑,三大电视奖,official_like
2160144,历史的天空,三大电视奖,official_like
2262103,荀慧生,三大电视奖,official_like
35084419,跨过鸭绿江,三大电视奖,official_like
25754848,琅琊榜,三大电视奖,official_like
5975344,镇长,三大电视奖,official_like
6901036,木府风云,三大电视奖,official_like
25802736,湄公河大案,三大电视奖,official_like
6557015,井冈山,三大电视奖,official_like
3033755,我是太阳,三大电视奖,official_like
11598910,先遣连,三大电视奖,official_like
3027099,李小龙传奇,三大电视奖,official_like
26647087,三体,三大电视奖,official_like
25917744,刑警队长,三大电视奖,official_like
35332289,开端,三大电视奖,official_like
2160565,家有儿女第一部,三大电视奖,official_like
4858790,大秦帝国之纵横,三大电视奖,official_like
30230162,共产党人刘少奇,三大电视奖,official_like
26322639,小别离,三大电视奖,official_like
26873807,爱情的边疆,三大电视奖,official_like
1866426,救赎之路,三大电视奖,official_like
4740695,红领章,三大电视奖,official_like
3403199,走西口,三大电视奖,official_like
25986654,少帅,三大电视奖,official_like
2222629,金婚,三大电视奖,official_like
25835485,海棠依旧,三大电视奖,official_like
2897723,战争目光,三大电视奖,official_like
5501705,彭雪枫,三大电视奖,official_like
6519575,杨善洲,三大电视奖,official_like
25762261,历史转折中的邓小平,三大电视奖,official_like
10566537,火蓝刀锋,三大电视奖,official_like
3041556,小留学生,三大电视奖,official_like
10344746,国门英雄,三大电视奖,official_like
3074719,大姐,三大电视奖,official_like
20395155,壮士出川,三大电视奖,official_like
2275025,大工匠,三大电视奖,official_like
24464262,辣妈正传,三大电视奖,official_like
30228394,觉醒年代,三大电视奖,official_like
2154096,士兵突击,三大电视奖,official_like
26801052,那年花开月正圆,三大电视奖,official_like
20444539,毛泽东,三大电视奖,official_like
3434553,陈云在临江,三大电视奖,official_like
6968144,国家命运,三大电视奖,official_like
4172516,媳妇的美好时代,三大电视奖,official_like
36498717,小小的我,三大电视奖,official_like
3223650,春草,三大电视奖,official_like
26640851,中国式关系,三大电视奖,official_like
10740289,营盘镇警事,三大电视奖,official_like
24381355,十送红军,三大电视奖,official_like
2148367,恰同学少年,三大电视奖,official_like
26605881,大军师司马懿之军师联盟,三大电视奖,official_like
4160514,天地粮人,三大电视奖,official_like
10538002,母亲母亲,三大电视奖,official_like
4236454,快乐星球第三部,三大电视奖,official_like
35344026,亲爱的小孩,三大电视奖,official_like
20471857,我的土地我的家,三大电视奖,official_like
25851665,平凡的世界,三大电视奖,official_like
2333726,记忆的证明,三大电视奖,official_like
30251190,外交风云,三大电视奖,official_like
6601363,丑角爸爸,三大电视奖,official_like
26430092,欢乐颂,三大电视奖,official_like
3292755,任长霞,三大电视奖,official_like
23010211,东北抗日联军,三大电视奖,official_like
3060475,陈赓大将,三大电视奖,official_like
3426891,北风那个吹,三大电视奖,official_like
1424552,大决战,三大电视奖,official_like
5031983,延安爱情,三大电视奖,official_like
24695611,北平无战事,三大电视奖,official_like
34949767,叛逆者,三大电视奖,official_like
26600261,安居,三大电视奖,official_like
2259857,香樟树,三大电视奖,official_like
4038332,老娘泪,三大电视奖,official_like
3303342,漂亮的事,三大电视奖,official_like
6989755,北京青年,三大电视奖,official_like
30345195,老酒馆,三大电视奖,official_like
5916347,心术,三大电视奖,official_like
3041806,叶问,三大电视奖,official_like
11629258,刘伯承元帅,三大电视奖,official_like
6224820,走进石锁沟,三大电视奖,official_like
19965220,父母爱情,三大电视奖,official_like
25853071,庆余年,三大电视奖,official_like
1854995,诺尔曼·白求恩,三大电视奖,official_like
3330056,郭海的家事,三大电视奖,official_like
3012838,守望幸福,三大电视奖,official_like
27088993,都挺好,三大电视奖,official_like
3074715,上将许世友,三大电视奖,official_like
30423905,大江大河,三大电视奖,official_like
11636488,长白山下我的家,三大电视奖,official_like
25889555,于无声处,三大电视奖,official_like
26685864,鸡毛飞上天,三大电视奖,official_like
3278834,台湾首任巡抚刘铭传,三大电视奖,official_like
30458950,装台,三大电视奖,official_like
6539421,精忠岳飞,三大电视奖,official_like
26980000,换了人间,三大电视奖,official_like
3151820,炫年华,三大电视奖,official_like
34868127,生活·故事,三大电视奖,official_like
26818263,朗读者第一季,三大电视奖,official_like
35235428,对手,三大电视奖,official_like
26425535,国家行动,三大电视奖,official_like
10521685,花木兰传奇,三大电视奖,official_like
34845537,香山叶正红,三大电视奖,official_like
26358696,我的前半生,三大电视奖,official_like
26633681,插树岭,三大电视奖,official_like
7163794,知青,三大电视奖,official_like
34800621,国家孩子,三大电视奖,official_like
2210001,大明王朝1566嘉靖与海瑞,三大电视奖,official_like
35679767,我们这十年,三大电视奖,official_like
1439400,焦裕禄,三大电视奖,official_like
1830589,中国式离婚,三大电视奖,official_like
26864121,龙的牙医,三大电视奖,official_like
26849758,长安十二时辰,三大电视奖,official_like
25865536,嘿，老头！,三大电视奖,official_like
3093334,江塘集中营,三大电视奖,official_like
26727273,人民的名义,三大电视奖,official_like
2373267,闯关东,三大电视奖,official_like
5150901,台湾1895,三大电视奖,official_like
35202648,绝密使命,三大电视奖,official_like
27084057,初心,三大电视奖,official_like
30463821,伟大的转折,三大电视奖,official_like
2302963,五月槐花香,三大电视奖,official_like
34834685,奥运在我家,三大电视奖,official_like
25812420,花千骨,三大电视奖,official_like
3330207,十万人家,三大电视奖,official_like
27068601,陪你到世界之巅,三大电视奖,official_like
26322643,好先生,三大电视奖,official_like
26663716,血沃丰碑,三大电视奖,official_like
11577139,咱们结婚吧,三大电视奖,official_like
1929463,少年派,三大电视奖,official_like
27126973,最美的青春,三大电视奖,official_like
21766654,芈月传,三大电视奖,official_like
34991672,在一起,三大电视奖,official_like
26861629,春风十里不如你,三大电视奖,official_like
26868392,急诊科医生,三大电视奖,official_like
11533287,全家福,三大电视奖,official_like
35041926,埃博拉前线,三大电视奖,official_like
2254648,亮剑,三大电视奖,official_like
27092429,名校,三大电视奖,official_like
2286153,亲兄热弟,三大电视奖,official_like
10426995,独生子女的婆婆妈妈,三大电视奖,official_like
2341473,戈壁母亲,三大电视奖,official_like
26879740,深海利剑,三大电视奖,official_like
3162274,静静的白桦林,三大电视奖,official_like
26928226,知否知否应是绿肥红瘦,三大电视奖,official_like
26322644,白鹿原,三大电视奖,official_like
25859594,王大花的革命生涯,三大电视奖,official_like
24839516,马向阳下乡记,三大电视奖,official_like
11500327,原乡,三大电视奖,official_like
24858152,古战场传奇,三大电视奖,official_like
30371564,特赦1959,三大电视奖,official_like
5308266,圣天门口,三大电视奖,official_like
25868187,老农民,三大电视奖,official_like
2147633,公安部长罗瑞卿的故事,三大电视奖,official_like
3118090,震撼世界的七日,三大电视奖,official_like
6018955,我们的法兰西岁月,三大电视奖,official_like
26410673,三八线,三大电视奖,official_like
5912994,誓言今生,三大电视奖,official_like
36118853,领航,三大电视奖,official_like
3023642,玉碎,三大电视奖,official_like
33413494,澳门人家,三大电视奖,official_like
11639110,天堂秀,三大电视奖,official_like
26287780,彭德怀元帅,三大电视奖,official_like
26752700,漂亮的李慧珍,三大电视奖,official_like
34919081,东方,三大电视奖,official_like
1834663,东归英雄传,三大电视奖,official_like
27073039,正阳门下小女人,三大电视奖,official_like
11507124,打狗棍,三大电视奖,official_like
21759697,舞乐传奇,三大电视奖,official_like
27075285,天下粮田,三大电视奖,official_like
6062757,无愧苍生,三大电视奖,official_like
36071949,山水间的家,三大电视奖,official_like
11625498,五星红旗迎风飘扬2,三大电视奖,official_like
2006172,太行山上,三大电视奖,official_like
2382364,乔家大院,三大电视奖,official_like
25872793,开讲啦,三大电视奖,official_like
4058773,八路军,三大电视奖,official_like
3542448,吕梁英雄传,三大电视奖,official_like
24867838,大路上,三大电视奖,official_like
24772955,舰在亚丁湾,三大电视奖,official_like
26337058,贞姐,三大电视奖,official_like
26946624,小欢喜,三大电视奖,official_like
26339488,陆军一号,三大电视奖,official_like
2138507,奋斗,三大电视奖,official_like
26761328,天盛长歌,三大电视奖,official_like
6801450,断刺,三大电视奖,official_like
3732655,西圣地,三大电视奖,official_like
35634451,“中国节日”系列节目2022季,三大电视奖,official_like
20374428,温州一家人,三大电视奖,official_like
1292063,美丽人生,三大电视奖,official_like
1306505,红高粱,三大电视奖,official_like
3558647,可爱的中国,三大电视奖,official_like
2248550,幸福像花儿一样,三大电视奖,official_like
6876057,女人如花,三大电视奖,official_like
26993055,时代：卡列夫·布劳德的故事,三大电视奖,official_like
4740697,种啥得啥,三大电视奖,official_like
6815099,感动生命,三大电视奖,official_like
